added,created,extension,modified,name,size,tags,url
08122022-185837,08122022-185832,png,08122022-185832,img_0610_background_removed,5.10 mb,,shareddocuments:///private/var/mobile/Containers/Shared/AppGroup/C53199BF-F56F-4DB0-A697-4ADA99EAD35B/File%20Provider%20Storage/IMG_0610%20Background%20Removed.png
07182022-153942,07182022-153933,PNG,07182022-153933,extratone_radio,160.69 kb,,shareddocuments:///private/var/mobile/Containers/Shared/AppGroup/C53199BF-F56F-4DB0-A697-4ADA99EAD35B/File%20Provider%20Storage/Extratone%20Radio.PNG
08122022-185743,08122022-185742,png,08122022-185743,68201507696_20f14886_f53e_4b38_a311_c3a6e8e40219_background_removed,7.04 mb,,shareddocuments:///private/var/mobile/Containers/Shared/AppGroup/C53199BF-F56F-4DB0-A697-4ADA99EAD35B/File%20Provider%20Storage/68201507696__20F14886-F53E-4B38-A311-C3A6E8E40219%20Background%20Removed.png
08102022-080311,08102022-080257,jpg,08102022-080257,icon99,15.66 kb,,shareddocuments:///private/var/mobile/Containers/Shared/AppGroup/C53199BF-F56F-4DB0-A697-4ADA99EAD35B/File%20Provider%20Storage/Icon99.jpg
07012022-114934,06222022-123224,md,06222022-123224,highlights,112.26 kb,,shareddocuments:///private/var/mobile/Containers/Shared/AppGroup/C53199BF-F56F-4DB0-A697-4ADA99EAD35B/File%20Provider%20Storage/Highlights.md
08102022-060134,07032022-100511,jpg,07032022-100511,portrait,1.19 mb,,shareddocuments:///private/var/mobile/Containers/Shared/AppGroup/C53199BF-F56F-4DB0-A697-4ADA99EAD35B/File%20Provider%20Storage/portrait.jpg
07012022-115026,06022022-125722,mp4,06022022-125722,worldwideweb_app_demo_sx11aruku2k,17.11 mb,,shareddocuments:///private/var/mobile/Containers/Shared/AppGroup/C53199BF-F56F-4DB0-A697-4ADA99EAD35B/File%20Provider%20Storage/WorldWideWeb%20App%20Demo%20%5BsX11aruKu2k%5D.mp4
07102022-153851,07102022-153846,jpeg,07102022-153846,asciismall,187.34 kb,,shareddocuments:///private/var/mobile/Containers/Shared/AppGroup/C53199BF-F56F-4DB0-A697-4ADA99EAD35B/File%20Provider%20Storage/asciismall.jpeg
08182022-014959,08182022-014959,jpeg,08182022-014959,index08182022_014912,255.80 kb,index,shareddocuments:///private/var/mobile/Containers/Shared/AppGroup/C53199BF-F56F-4DB0-A697-4ADA99EAD35B/File%20Provider%20Storage/index08182022-014912.jpeg
07152022-103239,07152022-103225,md,07152022-103225,feebles_in_night_second_edition,25.44 kb,,"shareddocuments:///private/var/mobile/Containers/Shared/AppGroup/C53199BF-F56F-4DB0-A697-4ADA99EAD35B/File%20Provider%20Storage/Feebles%20in%20Night,%20Second%20Edition.md"
08112022-045624,08112022-045612,mov,08112022-045612,leverage,36.31 mb,,shareddocuments:///private/var/mobile/Containers/Shared/AppGroup/C53199BF-F56F-4DB0-A697-4ADA99EAD35B/File%20Provider%20Storage/leverage.mov
08202022-183722,08202022-183721,numbers,08202022-183830,index08202022_183538,310.46 kb,,shareddocuments:///private/var/mobile/Containers/Shared/AppGroup/C53199BF-F56F-4DB0-A697-4ADA99EAD35B/File%20Provider%20Storage/index08202022-183538.numbers
07012022-115026,11012021-120943,JPG,11012021-120943,ascii,626.78 kb,,shareddocuments:///private/var/mobile/Containers/Shared/AppGroup/C53199BF-F56F-4DB0-A697-4ADA99EAD35B/File%20Provider%20Storage/ascii.JPG
07182022-153942,07182022-153933,PNG,07182022-153933,extratone_radio_bg,153.34 kb,,shareddocuments:///private/var/mobile/Containers/Shared/AppGroup/C53199BF-F56F-4DB0-A697-4ADA99EAD35B/File%20Provider%20Storage/Extratone%20Radio%20BG.PNG
08182022-154659,08182022-154602,svg,08182022-154602,cutup,4.29 kb,,shareddocuments:///private/var/mobile/Containers/Shared/AppGroup/C53199BF-F56F-4DB0-A697-4ADA99EAD35B/File%20Provider%20Storage/CUTUP.svg
08062022-095708,08062022-095708,txt,08062022-181122,waplain,1.08 mb,,shareddocuments:///private/var/mobile/Containers/Shared/AppGroup/C53199BF-F56F-4DB0-A697-4ADA99EAD35B/File%20Provider%20Storage/waplain.txt
07012022-115026,06142022-052805,numbers,06142022-053354,uikeycommand,1.08 mb,,shareddocuments:///private/var/mobile/Containers/Shared/AppGroup/C53199BF-F56F-4DB0-A697-4ADA99EAD35B/File%20Provider%20Storage/UIKeyCommand.numbers
08102022-020142,08102022-020137,pages,08102022-020137,blimp_s_burden,770.66 kb,,shareddocuments:///private/var/mobile/Containers/Shared/AppGroup/C53199BF-F56F-4DB0-A697-4ADA99EAD35B/File%20Provider%20Storage/Blimp's%20Burden.pages
07022022-224715,07022022-224707,md,07022022-224707,services_i_offer,5.37 kb,,shareddocuments:///private/var/mobile/Containers/Shared/AppGroup/C53199BF-F56F-4DB0-A697-4ADA99EAD35B/File%20Provider%20Storage/Services%20I%20Offer.md
08102022-212822,08102022-212808,jpeg,08102022-212808,drek,56.73 kb,,shareddocuments:///private/var/mobile/Containers/Shared/AppGroup/C53199BF-F56F-4DB0-A697-4ADA99EAD35B/File%20Provider%20Storage/drek.jpeg
08172022-173817,08172022-173817,jpeg,08172022-173817,index08172022_173734,249.63 kb,index,shareddocuments:///private/var/mobile/Containers/Shared/AppGroup/C53199BF-F56F-4DB0-A697-4ADA99EAD35B/File%20Provider%20Storage/index08172022-173734.jpeg
08182022-020041,08182022-020041,jpeg,08182022-020041,index08182022_020038,6.11 kb,index,shareddocuments:///private/var/mobile/Containers/Shared/AppGroup/C53199BF-F56F-4DB0-A697-4ADA99EAD35B/File%20Provider%20Storage/index08182022-020038.jpeg
07192022-015002,07192022-014944,png,07192022-014944,gurgle,57.55 kb,,shareddocuments:///private/var/mobile/Containers/Shared/AppGroup/C53199BF-F56F-4DB0-A697-4ADA99EAD35B/File%20Provider%20Storage/gurgle.png
08202022-183610,08202022-183610,jpeg,08202022-183610,index08202022_183538,133.29 kb,index,shareddocuments:///private/var/mobile/Containers/Shared/AppGroup/C53199BF-F56F-4DB0-A697-4ADA99EAD35B/File%20Provider%20Storage/index08202022-183538.jpeg
08202022-183609,08202022-183609,md,08202022-183609,index,14.20 kb,index,shareddocuments:///private/var/mobile/Containers/Shared/AppGroup/C53199BF-F56F-4DB0-A697-4ADA99EAD35B/File%20Provider%20Storage/index.md
07272022-050651,07272022-050641,aar,07272022-050641,things_database,4.17 mb,,shareddocuments:///private/var/mobile/Containers/Shared/AppGroup/C53199BF-F56F-4DB0-A697-4ADA99EAD35B/File%20Provider%20Storage/Things%20Database.aar
08172022-173124,08172022-173124,csv,08172022-173124,index,14.30 kb,,shareddocuments:///private/var/mobile/Containers/Shared/AppGroup/C53199BF-F56F-4DB0-A697-4ADA99EAD35B/File%20Provider%20Storage/index%20.csv
07012022-115027,06222022-093629,vcf,06222022-093629,rolodex,62.36 kb,,shareddocuments:///private/var/mobile/Containers/Shared/AppGroup/C53199BF-F56F-4DB0-A697-4ADA99EAD35B/File%20Provider%20Storage/rolodex.vcf
07012022-114937,11192021-183449,caf,11192021-183449,rules_for_participating_in_the_columbia_missouri_local_telegram_group_version_one_point_oh_friday_november_nineteenth_2021_1_columbia_local_chat_is_a_place_to_discuss_current_events_and_culture_in_a_friendly_collegial_way,9.16 mb,,"shareddocuments:///private/var/mobile/Containers/Shared/AppGroup/C53199BF-F56F-4DB0-A697-4ADA99EAD35B/File%20Provider%20Storage/Rules%20for%20Participating%20in%20the%20Columbia%20Missouri%20Local%20Telegram%20Group%0A%0AVersion%20One%20Point%20Oh%20%0A%0AFriday,%20november%20nineteenth,%202021%0A%0A1.%20Columbia%20Local%20Chat%20is%20a%20place%20to%20discuss%20current%20events%20and%20culture%20in%20a%20friendly,%20collegial%20way.%20We%20invite%20you%20to%20be%20.caf"
08062022-094629,08062022-094629,json,08062022-100410,writeas,2.52 mb,,shareddocuments:///private/var/mobile/Containers/Shared/AppGroup/C53199BF-F56F-4DB0-A697-4ADA99EAD35B/File%20Provider%20Storage/writeas.json
08152022-125212,08152022-125203,webarchive,08152022-125203,m1_processor_mini_led_screen_and_more_the_verge,17.06 mb,,"shareddocuments:///private/var/mobile/Containers/Shared/AppGroup/C53199BF-F56F-4DB0-A697-4ADA99EAD35B/File%20Provider%20Storage/iPad%20Pro%20(2021)%20review:%20M1%20processor,%20Mini%20LED%20screen,%20and%20more%20-%20The%20Verge.webarchive"
07012022-114937,06232022-134412,webarchive,06232022-134412,settings,3.15 mb,,shareddocuments:///private/var/mobile/Containers/Shared/AppGroup/C53199BF-F56F-4DB0-A697-4ADA99EAD35B/File%20Provider%20Storage/Settings.webarchive
08102022-020129,08102022-020116,docx,08102022-020116,blimp_s_burden,152.47 kb,,shareddocuments:///private/var/mobile/Containers/Shared/AppGroup/C53199BF-F56F-4DB0-A697-4ADA99EAD35B/File%20Provider%20Storage/Blimp's%20Burden.docx
07012022-114911,11242021-115228,vcf,11242021-115228,davidblue,604.10 kb,,shareddocuments:///private/var/mobile/Containers/Shared/AppGroup/C53199BF-F56F-4DB0-A697-4ADA99EAD35B/File%20Provider%20Storage/DavidBlue.vcf
08142022-060957,08142022-060939,html,08142022-060939,achoo,56.23 kb,,shareddocuments:///private/var/mobile/Containers/Shared/AppGroup/C53199BF-F56F-4DB0-A697-4ADA99EAD35B/File%20Provider%20Storage/achoo.html
08102022-093510,08102022-093502,webarchive,08102022-093502,ipad_pro,42.63 mb,,shareddocuments:///private/var/mobile/Containers/Shared/AppGroup/C53199BF-F56F-4DB0-A697-4ADA99EAD35B/File%20Provider%20Storage/iPad%20Pro.webarchive
08142022-105103,08142022-105058,pdf,08142022-105058,amandabatterylog,51.70 kb,,shareddocuments:///private/var/mobile/Containers/Shared/AppGroup/C53199BF-F56F-4DB0-A697-4ADA99EAD35B/File%20Provider%20Storage/AmandaBatteryLog.pdf
07012022-115026,05052022-213218,png,05202022-014248,ascii,2.70 mb,,shareddocuments:///private/var/mobile/Containers/Shared/AppGroup/C53199BF-F56F-4DB0-A697-4ADA99EAD35B/File%20Provider%20Storage/ascii.png
07152022-015846,07152022-015840,shortcut,07152022-015841,batch_shortcuts_signer_ios,1.23 mb,,shareddocuments:///private/var/mobile/Containers/Shared/AppGroup/C53199BF-F56F-4DB0-A697-4ADA99EAD35B/File%20Provider%20Storage/Batch%20Shortcuts%20Signer%20(iOS).shortcut
07012022-114907,09222021-184842,txt,09222021-184842,clipboard,1.54 mb,,shareddocuments:///private/var/mobile/Containers/Shared/AppGroup/C53199BF-F56F-4DB0-A697-4ADA99EAD35B/File%20Provider%20Storage/Clipboard.txt
07012022-114907,11142021-140104,PNG,11142021-140105,davidblueisdead,151.35 kb,,shareddocuments:///private/var/mobile/Containers/Shared/AppGroup/C53199BF-F56F-4DB0-A697-4ADA99EAD35B/File%20Provider%20Storage/DAVIDBLUEISDEAD.PNG
07192022-061415,07192022-061408,png,07192022-061408,tildefolder,92.07 kb,,shareddocuments:///private/var/mobile/Containers/Shared/AppGroup/C53199BF-F56F-4DB0-A697-4ADA99EAD35B/File%20Provider%20Storage/TildeFolder.png
07252022-065134,07252022-065119,shortcut,07252022-065120,apple_music_wrapped,141.58 kb,,shareddocuments:///private/var/mobile/Containers/Shared/AppGroup/C53199BF-F56F-4DB0-A697-4ADA99EAD35B/File%20Provider%20Storage/Apple%20Music%20Wrapped.shortcut
08132022-204234,07222021-041112,jpg,07222021-041112,extratone2022,782.13 kb,,shareddocuments:///private/var/mobile/Containers/Shared/AppGroup/C53199BF-F56F-4DB0-A697-4ADA99EAD35B/File%20Provider%20Storage/Extratone2022.jpg
08142022-060957,08142022-060945,txt,08142022-060945,text,10 bytes,,shareddocuments:///private/var/mobile/Containers/Shared/AppGroup/C53199BF-F56F-4DB0-A697-4ADA99EAD35B/File%20Provider%20Storage/text.txt
08172022-172158,08172022-172158,numbers,08172022-172158,file,116.36 kb,,shareddocuments:///private/var/mobile/Containers/Shared/AppGroup/C53199BF-F56F-4DB0-A697-4ADA99EAD35B/File%20Provider%20Storage/file.numbers
08202022-183922,08202022-183922,jpeg,08202022-183922,index08202022_183900,149.33 kb,index,shareddocuments:///private/var/mobile/Containers/Shared/AppGroup/C53199BF-F56F-4DB0-A697-4ADA99EAD35B/File%20Provider%20Storage/index08202022-183900.jpeg
08182022-020041,08182022-020041,csv,08182022-020041,index08182022_020038,555 bytes,index,shareddocuments:///private/var/mobile/Containers/Shared/AppGroup/C53199BF-F56F-4DB0-A697-4ADA99EAD35B/File%20Provider%20Storage/index08182022-020038.csv
07012022-114937,06222022-162951,html,06222022-163040,routinehubreport,30.39 kb,,shareddocuments:///private/var/mobile/Containers/Shared/AppGroup/C53199BF-F56F-4DB0-A697-4ADA99EAD35B/File%20Provider%20Storage/RoutineHubReport.html
07182022-045311,07182022-045259,webarchive,07182022-045259,ipad_pro_wikipedia,1.38 mb,,shareddocuments:///private/var/mobile/Containers/Shared/AppGroup/C53199BF-F56F-4DB0-A697-4ADA99EAD35B/File%20Provider%20Storage/iPad%20Pro%20-%20Wikipedia.webarchive
07242022-210029,07242022-210023,mp3,07242022-210023,always_with_you,1.43 mb,,shareddocuments:///private/var/mobile/Containers/Shared/AppGroup/C53199BF-F56F-4DB0-A697-4ADA99EAD35B/File%20Provider%20Storage/always-with-you.mp3
07182022-051940,07182022-051926,opml,07182022-051926,netnewswiresubscriptions_onmyipad,3.28 kb,,shareddocuments:///private/var/mobile/Containers/Shared/AppGroup/C53199BF-F56F-4DB0-A697-4ADA99EAD35B/File%20Provider%20Storage/NetNewsWireSubscriptions-OnMyiPad.opml
07012022-114915,06092022-014957,draftsExport,06092022-015002,drafts_2022_06_09_01_49,25.48 mb,,shareddocuments:///private/var/mobile/Containers/Shared/AppGroup/C53199BF-F56F-4DB0-A697-4ADA99EAD35B/File%20Provider%20Storage/Drafts-2022-06-09-01-49.draftsExport
08182022-060627,08182022-060554,vcf,08182022-060554,db,295.56 kb,"Contacts
Citation",shareddocuments:///private/var/mobile/Containers/Shared/AppGroup/C53199BF-F56F-4DB0-A697-4ADA99EAD35B/File%20Provider%20Storage/db.vcf
08172022-172144,08172022-172144,csv,08172022-172144,file,19.07 kb,,shareddocuments:///private/var/mobile/Containers/Shared/AppGroup/C53199BF-F56F-4DB0-A697-4ADA99EAD35B/File%20Provider%20Storage/file.csv
07102022-191727,07102022-174747,zip,07102022-175601,asphaltapostle_20220710,1.65 gb,,shareddocuments:///private/var/mobile/Containers/Shared/AppGroup/C53199BF-F56F-4DB0-A697-4ADA99EAD35B/File%20Provider%20Storage/asphaltapostle_20220710.zip
07012022-114915,06232022-023446,docx,06232022-023446,drafts_keyboard_shortcuts,411.88 kb,,shareddocuments:///private/var/mobile/Containers/Shared/AppGroup/C53199BF-F56F-4DB0-A697-4ADA99EAD35B/File%20Provider%20Storage/Drafts%20Keyboard%20Shortcuts.docx
07012022-114907,06232022-025659,webarchive,06232022-025659,hyper_personalized_real_time_horoscopes,4.89 mb,,"shareddocuments:///private/var/mobile/Containers/Shared/AppGroup/C53199BF-F56F-4DB0-A697-4ADA99EAD35B/File%20Provider%20Storage/Co%E2%80%8A%E2%80%93%E2%80%8AStar:%20Hyper-Personalized,%20Real-Time%20Horoscopes.webarchive"
08062022-180637,08062022-180630,json,08062022-180630,allposts,2.56 mb,,shareddocuments:///private/var/mobile/Containers/Shared/AppGroup/C53199BF-F56F-4DB0-A697-4ADA99EAD35B/File%20Provider%20Storage/allposts.json
08202022-183610,08202022-183610,csv,08202022-183610,index08202022_183538,19.45 kb,index,shareddocuments:///private/var/mobile/Containers/Shared/AppGroup/C53199BF-F56F-4DB0-A697-4ADA99EAD35B/File%20Provider%20Storage/index08202022-183538.csv
07102022-114823,07102022-114817,vcf,07102022-114817,contacts,66.01 kb,,shareddocuments:///private/var/mobile/Containers/Shared/AppGroup/C53199BF-F56F-4DB0-A697-4ADA99EAD35B/File%20Provider%20Storage/Contacts.vcf
07012022-115027,06102022-071043,webarchive,06102022-071043,future_on_standby_macstories,23.87 mb,,shareddocuments:///private/var/mobile/Containers/Shared/AppGroup/C53199BF-F56F-4DB0-A697-4ADA99EAD35B/File%20Provider%20Storage/iPad%20Pro%202021%20Review:%20Future%20on%20Standby%20-%20MacStories.webarchive
07202022-080412,07152022-164159,gb5,07152022-164159,48,49.02 kb,,shareddocuments:///private/var/mobile/Containers/Shared/AppGroup/C53199BF-F56F-4DB0-A697-4ADA99EAD35B/File%20Provider%20Storage/iPad%20Pro%20(12.9-inch%205th%20generation)%20CPU%20Benchmark%20-%202022-07-15%2016:20:48.gb5
07202022-011353,07202022-011321,vcf,07202022-011321,eileen_long,126.34 kb,,shareddocuments:///private/var/mobile/Containers/Shared/AppGroup/C53199BF-F56F-4DB0-A697-4ADA99EAD35B/File%20Provider%20Storage/Eileen%20Long.vcf
08062022-180556,08062022-180548,json,08062022-180548,bilge,239.31 kb,,shareddocuments:///private/var/mobile/Containers/Shared/AppGroup/C53199BF-F56F-4DB0-A697-4ADA99EAD35B/File%20Provider%20Storage/bilge.json
07242022-210212,07242022-210204,mp3,07242022-210204,bl6_1_utm_source_clipboard_utm_medium_text_utm_campaign_social_sharing,1.43 mb,,shareddocuments:///private/var/mobile/Containers/Shared/AppGroup/C53199BF-F56F-4DB0-A697-4ADA99EAD35B/File%20Provider%20Storage/bl6-1&utm_source=clipboard&utm_medium=text&utm_campaign=social_sharing.mp3
07012022-114911,11012021-212832,vcf,07202022-194925,david_blue,1.21 kb,,shareddocuments:///private/var/mobile/Containers/Shared/AppGroup/C53199BF-F56F-4DB0-A697-4ADA99EAD35B/File%20Provider%20Storage/David%20Blue.vcf
08142022-151507,08142022-150326,m4a,08142022-150326,wull,11.63 kb,,shareddocuments:///private/var/mobile/Containers/Shared/AppGroup/C53199BF-F56F-4DB0-A697-4ADA99EAD35B/File%20Provider%20Storage/WULL.m4a
07012022-115026,06112022-045720,webarchive,06112022-045720,ipad_pro_technical_specifications_apple,5.40 mb,,shareddocuments:///private/var/mobile/Containers/Shared/AppGroup/C53199BF-F56F-4DB0-A697-4ADA99EAD35B/File%20Provider%20Storage/iPad%20Pro%20-%20Technical%20Specifications%20-%20Apple.webarchive
08122022-101109,08122022-101037,html,08122022-101037,extratonesignalgroup,3.68 kb,,shareddocuments:///private/var/mobile/Containers/Shared/AppGroup/C53199BF-F56F-4DB0-A697-4ADA99EAD35B/File%20Provider%20Storage/ExtratoneSignalGroup.html
07172022-051413,07172022-051128,zip,07172022-051129,discorddata,43.05 mb,,shareddocuments:///private/var/mobile/Containers/Shared/AppGroup/C53199BF-F56F-4DB0-A697-4ADA99EAD35B/File%20Provider%20Storage/discorddata.zip
08172022-173817,08172022-173817,csv,08172022-173817,index08172022_173734,34.69 kb,index,shareddocuments:///private/var/mobile/Containers/Shared/AppGroup/C53199BF-F56F-4DB0-A697-4ADA99EAD35B/File%20Provider%20Storage/index08172022-173734.csv
08202022-183922,08202022-183922,csv,08202022-183922,index08202022_183900,17.18 kb,index,shareddocuments:///private/var/mobile/Containers/Shared/AppGroup/C53199BF-F56F-4DB0-A697-4ADA99EAD35B/File%20Provider%20Storage/index08202022-183900.csv
08182022-014959,08182022-014959,csv,08182022-014959,index08182022_014912,34.00 kb,index,shareddocuments:///private/var/mobile/Containers/Shared/AppGroup/C53199BF-F56F-4DB0-A697-4ADA99EAD35B/File%20Provider%20Storage/index08182022-014912.csv
